work_year,experience_level,exp_grade,job_title,job_type,salary,salary_currency,salary_in_usd,employee_residence,remote_ratio,company_location,company_size,comp_size_grade,usd_salary_zscore
2020,MI,2,Data Scientist,Scientist,70000,EUR,79833,DE,0,DE,L,3,-0.4845339849197539
2020,SE,3,Machine Learning Scientist,Scientist,260000,USD,260000,JP,0,JP,S,1,2.110882832685347
2020,SE,3,Big Data Engineer,Engineer,85000,GBP,109024,GB,50,GB,M,2,-0.06401961590261698
2020,MI,2,Product Data Analyst,Analyst,20000,USD,20000,HN,0,HN,S,1,-1.3464652733786062
2020,SE,3,Machine Learning Engineer,Engineer,150000,USD,150000,US,50,US,L,3,0.5262649507393687
2020,EN,1,Data Analyst,Analyst,72000,USD,72000,US,100,US,L,3,-0.5973731837314162
2020,SE,3,Lead Data Scientist,Scientist,190000,USD,190000,US,100,US,S,1,1.1024896350833608
2020,MI,2,Data Scientist,Scientist,11000000,HUF,35735,HU,50,HU,L,3,-1.1197928881747883
2020,MI,2,Business Data Analyst,Analyst,135000,USD,135000,US,100,US,L,3,0.3101806941103716
2020,SE,3,Lead Data Engineer,Engineer,125000,USD,125000,NZ,50,NZ,S,1,0.16612452302437353
2020,EN,1,Data Scientist,Scientist,45000,EUR,51321,FR,0,FR,S,1,-0.8952669399201516
2020,MI,2,Data Scientist,Scientist,3000000,INR,40481,IN,0,IN,L,3,-1.0514238293773734
2020,EN,1,Data Scientist,Scientist,35000,EUR,39916,FR,0,FR,M,2,-1.0595630030437324
2020,MI,2,Lead Data Analyst,Analyst,87000,USD,87000,US,100,US,L,3,-0.38128892710241913
2020,MI,2,Data Analyst,Analyst,85000,USD,85000,US,100,US,L,3,-0.41010016131961874
2020,EN,1,Data Engineer,Engineer,4450000,JPY,41689,JP,100,JP,S,1,-1.034021843910185
2020,SE,3,Big Data Engineer,Engineer,100000,EUR,114047,PL,100,GB,S,1,0.008339798833879843
2020,MI,2,Lead Data Engineer,Engineer,56000,USD,56000,PT,100,US,M,2,-0.8278630574690131
2020,MI,2,Machine Learning Engineer,Engineer,299000,CNY,43331,CN,0,CN,M,2,-1.0103678206178641
2020,SE,3,Data Engineer,Engineer,42000,EUR,47899,GR,50,GR,L,3,-0.9445629616657801
2020,MI,2,BI Data Analyst,Analyst,98000,USD,98000,US,0,US,M,2,-0.22282713890782124
2020,MI,2,Lead Data Scientist,Scientist,115000,USD,115000,AE,0,AE,L,3,0.022068351938375457
2020,EN,1,Research Scientist,Scientist,42000,USD,42000,NL,50,NL,L,3,-1.0295416969894104
2020,SE,3,Data Engineer,Engineer,720000,MXN,33511,MX,0,MX,S,1,-1.151830980624314
2020,SE,3,Machine Learning Manager,Manager/Executive,157000,CAD,117104,CA,50,CA,L,3,0.05237777033486945
2020,MI,2,Data Engineering Manager,Manager/Executive,51999,EUR,59303,DE,100,DE,S,1,-0.780281304159308
2020,EN,1,Big Data Engineer,Engineer,70000,USD,70000,US,100,US,L,3,-0.6261844179486158
2020,SE,3,Data Scientist,Scientist,60000,EUR,68428,GR,100,US,L,3,-0.6488300480433348
2020,MI,2,Data Analyst,Analyst,41000,EUR,46759,FR,50,FR,L,3,-0.960985365169584
2020,MI,2,Data Engineer,Engineer,65000,EUR,74130,AT,50,AT,L,3,-0.5666892192900986
2020,MI,2,Data Science Consultant,Consultant,103000,USD,103000,US,100,US,L,3,-0.15079905336482222
2020,EN,1,Machine Learning Engineer,Engineer,250000,USD,250000,US,50,US,L,3,1.966826661599349
2020,EN,1,Machine Learning Engineer,Engineer,138000,USD,138000,US,100,US,S,1,0.353397545436171
2020,MI,2,Data Scientist,Scientist,45760,USD,45760,PH,100,US,S,1,-0.9753765766610751
2020,EX,4,Data Engineering Manager,Manager/Executive,70000,EUR,79833,ES,50,ES,L,3,-0.4845339849197539
2020,MI,2,Machine Learning Infrastructure Engineer,Engineer,44000,EUR,50180,PT,0,PT,M,2,-0.911703749041064
2020,MI,2,Data Engineer,Engineer,106000,USD,106000,US,100,US,L,3,-0.1075822020390228
2020,MI,2,Data Engineer,Engineer,88000,GBP,112872,GB,50,GB,L,3,-0.008586801268724931
2020,MI,2,Data Scientist,Scientist,60000,GBP,76958,GB,100,GB,S,1,-0.5259501341069783
2020,SE,3,Data Engineer,Engineer,188000,USD,188000,US,100,US,L,3,1.0736784008661613
2020,MI,2,Data Scientist,Scientist,105000,USD,105000,US,100,US,L,3,-0.1219878191476226
2020,MI,2,Data Engineer,Engineer,61500,EUR,70139,FR,50,FR,L,3,-0.6241820371705205
2020,EN,1,Data Analyst,Analyst,91000,USD,91000,US,100,US,L,3,-0.3236664586680199
2020,EN,1,AI Scientist,Scientist,300000,DKK,45896,DK,50,DK,S,1,-0.9734174127343056
2020,EN,1,Data Engineer,Engineer,48000,EUR,54742,PK,100,DE,L,3,-0.8459853237916317
2020,SE,3,Principal Data Scientist,Scientist,130000,EUR,148261,DE,100,DE,M,2,0.5012135825875136
2020,MI,2,Data Scientist,Scientist,34000,EUR,38776,ES,100,ES,M,2,-1.0759854065475363
2020,MI,2,Data Scientist,Scientist,118000,USD,118000,US,100,US,M,2,0.06528520326417488
2020,SE,3,Data Scientist,Scientist,120000,USD,120000,US,50,US,L,3,0.09409643748137449
2020,MI,2,Data Scientist,Scientist,138350,USD,138350,US,100,US,M,2,0.35843951142418096
2020,MI,2,Data Engineer,Engineer,110000,USD,110000,US,100,US,L,3,-0.04995973360462357
2020,MI,2,Data Engineer,Engineer,130800,USD,130800,ES,100,US,M,2,0.2496771022542524
2020,SE,3,Machine Learning Engineer,Engineer,40000,EUR,45618,HR,100,HR,S,1,-0.9774221742904963
2020,EN,1,Data Scientist,Scientist,55000,EUR,62726,DE,50,DE,S,1,-0.7309708767965708
2020,EN,1,Data Scientist,Scientist,43200,EUR,49268,DE,0,DE,S,1,-0.924841671844107
2020,SE,3,Data Science Manager,Manager/Executive,190200,USD,190200,US,100,US,M,2,1.105370758505081
2020,EN,1,Data Scientist,Scientist,105000,USD,105000,US,100,US,S,1,-0.1219878191476226
2020,SE,3,Data Scientist,Scientist,80000,EUR,91237,AT,0,AT,S,1,-0.32025232741328175
2020,MI,2,Data Scientist,Scientist,55000,EUR,62726,FR,50,LU,S,1,-0.7309708767965708
2020,MI,2,Data Scientist,Scientist,37000,EUR,42197,FR,50,FR,S,1,-1.0267037904190162
2021,EN,1,Research Scientist,Scientist,60000,GBP,82528,GB,50,GB,L,3,-0.44571084681207745
2021,EX,4,BI Data Analyst,Analyst,150000,USD,150000,IN,100,US,L,3,0.5262649507393687
2021,EX,4,Head of Data,Manager/Executive,235000,USD,235000,US,100,US,L,3,1.7507424049703522
2021,SE,3,Data Scientist,Scientist,45000,EUR,53192,FR,50,FR,L,3,-0.8683140303099613
2021,MI,2,BI Data Analyst,Analyst,100000,USD,100000,US,100,US,M,2,-0.19401590469062163
2021,EN,1,Data Analyst,Analyst,80000,USD,80000,US,100,US,M,2,-0.4821282468626178
2021,SE,3,Data Analytics Engineer,Engineer,67000,EUR,79197,DE,100,DE,L,3,-0.4936959574008234
2021,MI,2,Data Engineer,Engineer,140000,USD,140000,US,100,US,L,3,0.38220877965337063
2021,MI,2,Applied Data Scientist,Scientist,68000,CAD,54238,GB,50,CA,L,3,-0.853245754814366
2021,MI,2,Machine Learning Engineer,Engineer,40000,EUR,47282,ES,100,ES,S,1,-0.9534512274217862
2021,EX,4,Director of Data Science,Manager/Executive,130000,EUR,153667,IT,100,PL,L,3,0.5790903486766041
2021,MI,2,Data Engineer,Engineer,110000,PLN,28476,PL,100,PL,L,3,-1.2243632627661143
2021,EN,1,Data Analyst,Analyst,50000,EUR,59102,FR,50,FR,M,2,-0.7831768331981366
2021,MI,2,Data Analytics Engineer,Engineer,110000,USD,110000,US,100,US,L,3,-0.04995973360462357
2021,SE,3,Lead Data Analyst,Analyst,170000,USD,170000,US,100,US,L,3,0.8143772929113648
2021,SE,3,Data Analyst,Analyst,80000,USD,80000,BG,100,US,S,1,-0.4821282468626178
2021,SE,3,Marketing Data Analyst,Analyst,75000,EUR,88654,GR,100,DK,L,3,-0.35746203640479507
2021,EN,1,Data Science Consultant,Consultant,65000,EUR,76833,DE,100,DE,S,1,-0.5277508362455534
2021,MI,2,Lead Data Analyst,Analyst,1450000,INR,19609,IN,100,IN,L,3,-1.3520978696680688
2021,SE,3,Lead Data Engineer,Engineer,276000,USD,276000,US,0,US,L,3,2.341372706422944
2021,EN,1,Data Scientist,Scientist,2200000,INR,29751,IN,50,IN,L,3,-1.2059961009526494
2021,MI,2,Cloud Data Engineer,Engineer,120000,SGD,89294,SG,50,SG,L,3,-0.34824244145529115
2021,EN,1,Computer Vision Software Engineer,Engineer,70000,USD,70000,US,100,US,M,2,-0.6261844179486158
2021,MI,2,Computer Vision Software Engineer,Engineer,81000,EUR,95746,DE,100,US,S,1,-0.25529739987060523
2021,MI,2,Data Analyst,Analyst,75000,USD,75000,US,0,US,L,3,-0.5541563324056168
2021,SE,3,Data Engineer,Engineer,150000,USD,150000,US,100,US,L,3,0.5262649507393687
2021,MI,2,BI Data Analyst,Analyst,11000000,HUF,36259,HU,50,US,L,3,-1.112244344809882
2021,MI,2,Data Analyst,Analyst,62000,USD,62000,US,0,US,L,3,-0.7414293548174143
2021,MI,2,Data Scientist,Scientist,73000,USD,73000,US,0,US,L,3,-0.5829675666228165
2021,MI,2,Data Analyst,Analyst,37456,GBP,51519,GB,50,GB,L,3,-0.8924146277326489
2021,MI,2,Research Scientist,Scientist,235000,CAD,187442,CA,100,CA,L,3,1.0656400665195627
2021,SE,3,Data Engineer,Engineer,115000,USD,115000,US,100,US,S,1,0.022068351938375457
2021,SE,3,Data Engineer,Engineer,150000,USD,150000,US,100,US,M,2,0.5262649507393687
2021,EN,1,Data Engineer,Engineer,2250000,INR,30428,IN,100,IN,L,3,-1.1962434981701273
2021,SE,3,Machine Learning Engineer,Engineer,80000,EUR,94564,DE,50,DE,L,3,-0.2723248392929702
2021,SE,3,Director of Data Engineering,Manager/Executive,82500,GBP,113476,GB,100,GB,M,2,0.0001141914648693529
2021,SE,3,Lead Data Engineer,Engineer,75000,GBP,103160,GB,100,GB,S,1,-0.14849415462744625
2021,MI,2,Data Engineer,Engineer,38400,EUR,45391,NL,100,NL,L,3,-0.9806922493741485
2021,EN,1,Machine Learning Scientist,Scientist,225000,USD,225000,US,100,US,L,3,1.6066862338843542
2021,MI,2,Data Scientist,Scientist,50000,USD,50000,NG,100,NG,L,3,-0.914296760120612
2021,MI,2,Data Science Engineer,Engineer,34000,EUR,40189,GR,100,GR,M,2,-1.0556302695730846
2021,EN,1,Data Analyst,Analyst,90000,USD,90000,US,100,US,S,1,-0.3380720757766197
2021,MI,2,Data Engineer,Engineer,200000,USD,200000,US,100,US,L,3,1.246545806169359
2021,MI,2,Big Data Engineer,Engineer,60000,USD,60000,ES,50,RO,M,2,-0.7702405890346139
2021,SE,3,Principal Data Engineer,Engineer,200000,USD,200000,US,100,US,M,2,1.246545806169359
2021,EN,1,Data Analyst,Analyst,50000,USD,50000,US,100,US,M,2,-0.914296760120612
2021,EN,1,Applied Data Scientist,Scientist,80000,GBP,110037,GB,0,GB,L,3,-0.04942672577160538
2021,MI,2,Principal Data Scientist,Scientist,151000,USD,151000,US,100,US,L,3,0.5406705678479685
2021,SE,3,Machine Learning Scientist,Scientist,120000,USD,120000,US,50,US,S,1,0.09409643748137449
2021,EN,1,Machine Learning Engineer,Engineer,20000,USD,20000,IN,100,IN,S,1,-1.3464652733786062
2021,SE,3,Lead Data Scientist,Scientist,3000000,INR,40570,IN,50,IN,L,3,-1.0501417294547082
2021,EN,1,Machine Learning Developer,Developer,100000,USD,100000,IQ,50,IQ,S,1,-0.19401590469062163
2021,EN,1,Data Scientist,Scientist,42000,EUR,49646,FR,50,FR,M,2,-0.9193963485770563
2021,MI,2,Applied Machine Learning Scientist,Scientist,38400,USD,38400,VN,100,US,M,2,-1.0814019185803698
2021,SE,3,Computer Vision Engineer,Engineer,24000,USD,24000,BR,100,BR,M,2,-1.2888428049442069
2021,EN,1,Data Scientist,Scientist,100000,USD,100000,US,0,US,S,1,-0.19401590469062163
2021,MI,2,Data Analyst,Analyst,90000,USD,90000,US,100,US,M,2,-0.3380720757766197
2021,MI,2,ML Engineer,Engineer,7000000,JPY,63711,JP,50,JP,S,1,-0.7167813439446
2021,MI,2,ML Engineer,Engineer,8500000,JPY,77364,JP,50,JP,S,1,-0.5201014535608869
2021,SE,3,Principal Data Scientist,Scientist,220000,USD,220000,US,0,US,L,3,1.534658148341355
2021,EN,1,Data Scientist,Scientist,80000,USD,80000,US,100,US,M,2,-0.4821282468626178
2021,MI,2,Data Analyst,Analyst,135000,USD,135000,US,100,US,L,3,0.3101806941103716
2021,SE,3,Data Science Manager,Manager/Executive,240000,USD,240000,US,0,US,L,3,1.8227704905133513
2021,SE,3,Data Engineering Manager,Manager/Executive,150000,USD,150000,US,0,US,L,3,0.5262649507393687
2021,MI,2,Data Scientist,Scientist,82500,USD,82500,US,100,US,S,1,-0.44611420409111824
2021,MI,2,Data Engineer,Engineer,100000,USD,100000,US,100,US,L,3,-0.19401590469062163
2021,SE,3,Machine Learning Engineer,Engineer,70000,EUR,82744,BE,50,BE,M,2,-0.4425992335166199
2021,MI,2,Research Scientist,Scientist,53000,EUR,62649,FR,50,FR,M,2,-0.732080109313933
2021,MI,2,Data Engineer,Engineer,90000,USD,90000,US,100,US,L,3,-0.3380720757766197
2021,SE,3,Data Engineering Manager,Manager/Executive,153000,USD,153000,US,100,US,L,3,0.5694818020651681
2021,SE,3,Cloud Data Engineer,Engineer,160000,USD,160000,BR,100,US,S,1,0.6703211218253667
2021,SE,3,Director of Data Science,Manager/Executive,168000,USD,168000,JP,0,JP,S,1,0.7855660586941652
2021,MI,2,Data Scientist,Scientist,150000,USD,150000,US,100,US,M,2,0.5262649507393687
2021,MI,2,Data Scientist,Scientist,95000,CAD,75774,CA,100,CA,L,3,-0.5430063847635606
2021,SE,3,Data Science Manager,Manager/Executive,144000,USD,144000,US,100,US,L,3,0.43983124808776985
2021,SE,3,Data Science Engineer,Engineer,159500,CAD,127221,CA,50,CA,L,3,0.1981193986225737
2021,MI,2,Data Scientist,Scientist,160000,SGD,119059,SG,100,IL,M,2,0.08054075178218208
2021,SE,3,Data Analytics Manager,Manager/Executive,120000,USD,120000,US,100,US,M,2,0.09409643748137449
2021,EN,1,Machine Learning Engineer,Engineer,125000,USD,125000,US,100,US,S,1,0.16612452302437353
2021,EX,4,Head of Data,Manager/Executive,230000,USD,230000,RU,50,RU,L,3,1.6787143194273533
2021,EX,4,Head of Data Science,Manager/Executive,85000,USD,85000,RU,0,RU,M,2,-0.41010016131961874
2021,MI,2,Data Engineer,Engineer,24000,EUR,28369,MT,50,MT,L,3,-1.2259046637967344
2021,EN,1,Data Science Consultant,Consultant,54000,EUR,63831,DE,50,DE,L,3,-0.715052669891568
2021,EX,4,Director of Data Science,Manager/Executive,110000,EUR,130026,DE,50,DE,M,2,0.23852715461219615
2021,EN,1,Data Engineer,Engineer,80000,USD,80000,US,100,US,L,3,-0.4821282468626178
2021,EX,4,Director of Data Science,Manager/Executive,250000,USD,250000,US,0,US,L,3,1.966826661599349
2021,EN,1,BI Data Analyst,Analyst,55000,USD,55000,US,50,US,S,1,-0.8422686745776129
2021,MI,2,Data Architect,Architect,150000,USD,150000,US,100,US,L,3,0.5262649507393687
2021,MI,2,Data Architect,Architect,170000,USD,170000,US,100,US,L,3,0.8143772929113648
2021,MI,2,Data Engineer,Engineer,60000,GBP,82528,GB,100,GB,L,3,-0.44571084681207745
2021,EN,1,Data Analyst,Analyst,60000,USD,60000,US,100,US,S,1,-0.7702405890346139
2021,SE,3,Principal Data Scientist,Scientist,235000,USD,235000,US,100,US,L,3,1.7507424049703522
2021,SE,3,Research Scientist,Scientist,51400,EUR,60757,PT,50,PT,L,3,-0.7593355368834038
2021,SE,3,Data Engineering Manager,Manager/Executive,174000,USD,174000,US,100,US,L,3,0.8719997613457641
2021,MI,2,Data Scientist,Scientist,30400000,CLP,40038,CL,100,CL,L,3,-1.0578055177564833
2021,EN,1,Machine Learning Engineer,Engineer,81000,USD,81000,US,50,US,S,1,-0.46772262975401796
2021,MI,2,Big Data Engineer,Engineer,1672000,INR,22611,IN,0,IN,L,3,-1.3088522071080522
2021,MI,2,Data Scientist,Scientist,76760,EUR,90734,DE,50,DE,L,3,-0.32749835281890743
2021,MI,2,Data Engineer,Engineer,22000,EUR,26005,RO,0,US,L,3,-1.2599595426414643
2021,SE,3,Finance Data Analyst,Analyst,45000,GBP,61896,GB,50,GB,L,3,-0.7429275389967087
2021,SE,3,Data Analytics Engineer,Engineer,50000,USD,50000,VN,100,GB,M,2,-0.914296760120612
2021,EX,4,Data Science Consultant,Consultant,59000,EUR,69741,FR,100,ES,S,1,-0.6299154727797431
2021,SE,3,Data Engineer,Engineer,65000,EUR,76833,RO,50,GB,S,1,-0.5277508362455534
2021,MI,2,Machine Learning Engineer,Engineer,74000,USD,74000,JP,50,JP,S,1,-0.5685619495142166
2021,SE,3,Data Science Manager,Manager/Executive,152000,USD,152000,US,100,FR,L,3,0.5550761849565683
2021,EN,1,Machine Learning Engineer,Engineer,21844,USD,21844,CO,50,CO,M,2,-1.319901315430348
2021,MI,2,Big Data Engineer,Engineer,18000,USD,18000,MD,0,MD,S,1,-1.3752765075958058
2021,SE,3,Data Science Manager,Manager/Executive,174000,USD,174000,US,100,US,L,3,0.8719997613457641
2021,SE,3,Research Scientist,Scientist,120500,CAD,96113,CA,50,CA,L,3,-0.2500105383917491
2021,MI,2,Data Scientist,Scientist,147000,USD,147000,US,50,US,L,3,0.48304809941356924
2021,SE,3,Machine Learning Engineer,Engineer,1799997,INR,24342,IN,100,IN,L,3,-1.2839160838930659
2021,SE,3,Data Science Manager,Manager/Executive,4000000,INR,54094,IN,50,US,L,3,-0.8553201636780043
2021,EN,1,Data Science Consultant,Consultant,90000,USD,90000,US,100,US,S,1,-0.3380720757766197
2021,MI,2,Data Scientist,Scientist,52000,EUR,61467,DE,50,AT,M,2,-0.749107548736298
2021,SE,3,Machine Learning Infrastructure Engineer,Engineer,195000,USD,195000,US,100,US,M,2,1.17451772062636
2021,MI,2,Data Scientist,Scientist,32000,EUR,37825,ES,100,ES,L,3,-1.0896851484178147
2021,SE,3,Research Scientist,Scientist,50000,USD,50000,FR,100,US,S,1,-0.914296760120612
2021,MI,2,Data Scientist,Scientist,160000,USD,160000,US,100,US,L,3,0.6703211218253667
2021,SE,3,Machine Learning Engineer,Engineer,200000,USD,200000,US,100,US,L,3,1.246545806169359
2021,SE,3,Data Engineer,Engineer,165000,USD,165000,US,0,US,M,2,0.7423492073683657
2021,SE,3,Data Analytics Manager,Manager/Executive,120000,USD,120000,US,0,US,L,3,0.09409643748137449
2021,MI,2,Machine Learning Engineer,Engineer,21000,EUR,24823,SI,50,SI,L,3,-1.2769869820638293
2021,MI,2,Research Scientist,Scientist,48000,EUR,56738,FR,50,FR,S,1,-0.8172317120428665
2021,MI,2,Data Engineer,Engineer,48000,GBP,66022,HK,50,GB,S,1,-0.6834899628066259
2021,EN,1,Machine Learning Engineer,Engineer,21000,EUR,24823,DE,50,DE,M,2,-1.2769869820638293
2021,SE,3,Principal Data Engineer,Engineer,185000,USD,185000,US,100,US,L,3,1.030461549540362
2021,MI,2,Data Scientist,Scientist,76760,EUR,90734,DE,50,DE,L,3,-0.32749835281890743
2021,MI,2,Machine Learning Engineer,Engineer,75000,EUR,88654,BE,100,BE,M,2,-0.35746203640479507
2021,SE,3,Data Analytics Manager,Manager/Executive,140000,USD,140000,US,100,US,L,3,0.38220877965337063
2021,MI,2,Machine Learning Engineer,Engineer,180000,PLN,46597,PL,100,PL,L,3,-0.9633190751411771
2021,MI,2,Data Scientist,Scientist,85000,GBP,116914,GB,50,GB,L,3,0.04964070308423549
2021,MI,2,Data Scientist,Scientist,2500000,INR,33808,IN,0,IN,M,2,-1.14755251234306
2021,MI,2,Data Scientist,Scientist,40900,GBP,56256,GB,50,GB,L,3,-0.8241752194892116
2021,SE,3,Machine Learning Scientist,Scientist,225000,USD,225000,US,100,CA,L,3,1.6066862338843542
2021,SE,3,Data Scientist,Scientist,110000,CAD,87738,CA,100,CA,S,1,-0.37065758167627244
2021,MI,2,Data Scientist,Scientist,75000,EUR,88654,DE,50,DE,L,3,-0.35746203640479507
2021,SE,3,Data Scientist,Scientist,135000,USD,135000,US,0,US,L,3,0.3101806941103716
2021,SE,3,Data Analyst,Analyst,90000,CAD,71786,CA,100,CA,M,2,-0.6004559857926566
2021,EN,1,Big Data Engineer,Engineer,1200000,INR,16228,IN,100,IN,L,3,-1.4008032611122447
2021,SE,3,ML Engineer,Engineer,256000,USD,256000,US,100,US,S,1,2.053260364250948
2021,SE,3,Director of Data Engineering,Manager/Executive,200000,USD,200000,US,100,US,L,3,1.246545806169359
2021,SE,3,Data Analyst,Analyst,200000,USD,200000,US,100,US,L,3,1.246545806169359
2021,MI,2,Data Architect,Architect,180000,USD,180000,US,100,US,L,3,0.9584334639973628
2021,MI,2,Head of Data Science,Manager/Executive,110000,USD,110000,US,0,US,S,1,-0.04995973360462357
2021,MI,2,Research Scientist,Scientist,80000,CAD,63810,CA,100,CA,M,2,-0.7153551878508486
2021,MI,2,Data Scientist,Scientist,39600,EUR,46809,ES,100,ES,M,2,-0.9602650843141539
2021,EN,1,Data Engineer,Engineer,1600000,INR,21637,IN,50,IN,M,2,-1.3228832781718283
2021,SE,3,Data Scientist,Scientist,130000,CAD,103691,CA,100,CA,L,3,-0.14084477194277975
2021,MI,2,Data Analyst,Analyst,80000,USD,80000,US,100,US,L,3,-0.4821282468626178
2021,MI,2,Data Engineer,Engineer,110000,USD,110000,US,100,US,L,3,-0.04995973360462357
2021,SE,3,Data Scientist,Scientist,165000,USD,165000,US,100,US,L,3,0.7423492073683657
2021,EN,1,AI Scientist,Scientist,1335000,INR,18053,IN,100,AS,S,1,-1.37451300988905
2021,MI,2,Data Engineer,Engineer,52500,GBP,72212,GB,50,GB,L,3,-0.5943191929043931
2021,EN,1,Data Scientist,Scientist,31000,EUR,36643,FR,50,FR,L,3,-1.1067125878401796
2021,SE,3,Data Engineer,Engineer,70000,GBP,96282,GB,50,GB,L,3,-0.24757598910039572
2021,SE,3,Principal Data Analyst,Analyst,170000,USD,170000,US,100,US,M,2,0.8143772929113648
2021,MI,2,Data Scientist,Scientist,115000,USD,115000,US,50,US,L,3,0.022068351938375457
2021,EN,1,Data Scientist,Scientist,90000,USD,90000,US,100,US,S,1,-0.3380720757766197
2021,EN,1,Data Scientist,Scientist,2100000,INR,28399,IN,100,IN,M,2,-1.2254724952834763
2021,MI,2,Data Analyst,Analyst,93000,USD,93000,US,100,US,L,3,-0.2948552244508203
2021,SE,3,Big Data Architect,Architect,125000,CAD,99703,CA,50,CA,M,2,-0.19829437297187577
2021,MI,2,Data Engineer,Engineer,200000,USD,200000,US,100,US,L,3,1.246545806169359
2021,SE,3,Principal Data Scientist,Scientist,147000,EUR,173762,DE,100,DE,M,2,0.8685712244739173
2021,SE,3,Machine Learning Engineer,Engineer,185000,USD,185000,US,50,US,L,3,1.030461549540362
2021,EX,4,Director of Data Science,Manager/Executive,120000,EUR,141846,DE,0,DE,L,3,0.40880154883584585
2021,MI,2,Data Scientist,Scientist,130000,USD,130000,US,50,US,L,3,0.23815260856737255
2021,SE,3,Data Analyst,Analyst,54000,EUR,63831,DE,50,DE,L,3,-0.715052669891568
2021,MI,2,Data Scientist,Scientist,1250000,INR,16904,IN,100,IN,S,1,-1.3910650639468312
2021,SE,3,Machine Learning Engineer,Engineer,4900000,INR,66265,IN,0,IN,L,3,-0.6799893978492361
2021,MI,2,Data Scientist,Scientist,21600,EUR,25532,RS,100,DE,S,1,-1.266773399533832
2021,SE,3,Lead Data Engineer,Engineer,160000,USD,160000,PR,50,US,S,1,0.6703211218253667
2021,MI,2,Data Engineer,Engineer,93150,USD,93150,US,0,US,M,2,-0.29269438188453034
2021,MI,2,Data Engineer,Engineer,111775,USD,111775,US,0,US,M,2,-0.02438976323685892
2021,MI,2,Data Engineer,Engineer,250000,TRY,28016,TR,100,TR,M,2,-1.23098984663607
2021,EN,1,Data Engineer,Engineer,55000,EUR,65013,DE,50,DE,M,2,-0.6980252304692031
2021,EN,1,Data Engineer,Engineer,72500,USD,72500,US,100,US,L,3,-0.5901703751771163
2021,SE,3,Computer Vision Engineer,Engineer,102000,BRL,18907,BR,0,BR,M,2,-1.3622106128783058
2021,EN,1,Data Science Consultant,Consultant,65000,EUR,76833,DE,0,DE,L,3,-0.5277508362455534
2021,EN,1,Machine Learning Engineer,Engineer,85000,USD,85000,NL,100,DE,S,1,-0.41010016131961874
2021,SE,3,Data Scientist,Scientist,65720,EUR,77684,FR,50,FR,M,2,-0.5154916560861349
2021,EN,1,Data Scientist,Scientist,100000,USD,100000,US,100,US,M,2,-0.19401590469062163
2021,EN,1,Data Scientist,Scientist,58000,USD,58000,US,50,US,L,3,-0.7990518232518136
2021,SE,3,AI Scientist,Scientist,55000,USD,55000,ES,100,ES,L,3,-0.8422686745776129
2021,SE,3,Data Scientist,Scientist,180000,TRY,20171,TR,50,TR,L,3,-1.3440019128530356
2021,EN,1,Business Data Analyst,Analyst,50000,EUR,59102,LU,100,LU,L,3,-0.7831768331981366
2021,MI,2,Data Engineer,Engineer,112000,USD,112000,US,100,US,L,3,-0.021148499387423962
2021,EN,1,Research Scientist,Scientist,100000,USD,100000,JE,0,CN,L,3,-0.19401590469062163
2021,MI,2,Research Scientist,Scientist,69999,USD,69999,CZ,50,CZ,L,3,-0.6261988235657244
2021,SE,3,Data Science Manager,Manager/Executive,7000000,INR,94665,IN,50,IN,L,3,-0.2708698719650016
2021,SE,3,Head of Data,Manager/Executive,87000,EUR,102839,SI,100,SI,L,3,-0.1531183577193068
2021,MI,2,Data Scientist,Scientist,109000,USD,109000,US,50,US,L,3,-0.06436535071322338
2021,MI,2,Machine Learning Engineer,Engineer,43200,EUR,51064,IT,50,IT,L,3,-0.8989691835170618
2022,SE,3,Data Engineer,Engineer,135000,USD,135000,US,100,US,M,2,0.3101806941103716
2022,SE,3,Data Analyst,Analyst,155000,USD,155000,US,100,US,M,2,0.5982930362823677
2022,SE,3,Data Analyst,Analyst,120600,USD,120600,US,100,US,M,2,0.10273980774653438
2022,MI,2,Data Scientist,Scientist,130000,USD,130000,US,0,US,M,2,0.23815260856737255
2022,MI,2,Data Scientist,Scientist,90000,USD,90000,US,0,US,M,2,-0.3380720757766197
2022,MI,2,Data Engineer,Engineer,170000,USD,170000,US,100,US,M,2,0.8143772929113648
2022,MI,2,Data Engineer,Engineer,150000,USD,150000,US,100,US,M,2,0.5262649507393687
2022,SE,3,Data Analyst,Analyst,102100,USD,102100,US,100,US,M,2,-0.16376410876256203
2022,SE,3,Data Analyst,Analyst,84900,USD,84900,US,100,US,M,2,-0.41154072303047873
2022,SE,3,Data Scientist,Scientist,136620,USD,136620,US,100,US,M,2,0.33351779382630325
2022,SE,3,Data Scientist,Scientist,99360,USD,99360,US,100,US,M,2,-0.20323549964012552
2022,SE,3,Data Scientist,Scientist,90000,GBP,117789,GB,0,GB,M,2,0.06224561805426032
2022,SE,3,Data Scientist,Scientist,80000,GBP,104702,GB,0,GB,M,2,-0.12628069304598535
2022,SE,3,Data Scientist,Scientist,146000,USD,146000,US,100,US,M,2,0.46864248230496947
2022,SE,3,Data Scientist,Scientist,123000,USD,123000,US,100,US,M,2,0.13731328880717392
2022,EN,1,Data Engineer,Engineer,40000,GBP,52351,GB,100,GB,M,2,-0.8804291542982938
2022,SE,3,Data Analyst,Analyst,99000,USD,99000,US,0,US,M,2,-0.20842152179922144
2022,SE,3,Data Analyst,Analyst,116000,USD,116000,US,0,US,M,2,0.036473969046975266
2022,MI,2,Data Analyst,Analyst,106260,USD,106260,US,0,US,M,2,-0.10383674159078685
2022,MI,2,Data Analyst,Analyst,126500,USD,126500,US,0,US,M,2,0.18773294868727322
2022,EX,4,Data Engineer,Engineer,242000,USD,242000,US,100,US,M,2,1.8515817247305508
2022,EX,4,Data Engineer,Engineer,200000,USD,200000,US,100,US,M,2,1.246545806169359
2022,MI,2,Data Scientist,Scientist,50000,GBP,65438,GB,0,GB,M,2,-0.6919028431980482
2022,MI,2,Data Scientist,Scientist,30000,GBP,39263,GB,0,GB,M,2,-1.068969871015648
2022,MI,2,Data Engineer,Engineer,60000,GBP,78526,GB,0,GB,M,2,-0.5033621264806939
2022,MI,2,Data Engineer,Engineer,40000,GBP,52351,GB,0,GB,M,2,-0.8804291542982938
2022,SE,3,Data Scientist,Scientist,165220,USD,165220,US,100,US,M,2,0.7455184431322578
2022,EN,1,Data Engineer,Engineer,35000,GBP,45807,GB,100,GB,M,2,-0.974699512656971
2022,SE,3,Data Scientist,Scientist,120160,USD,120160,US,100,US,M,2,0.09640133621875047
2022,SE,3,Data Analyst,Analyst,90320,USD,90320,US,100,US,M,2,-0.33346227830186775
2022,SE,3,Data Engineer,Engineer,181940,USD,181940,US,0,US,M,2,0.9863803611880465
2022,SE,3,Data Engineer,Engineer,132320,USD,132320,US,0,US,M,2,0.2715736402593241
2022,SE,3,Data Engineer,Engineer,220110,USD,220110,US,0,US,M,2,1.5362427662233011
2022,SE,3,Data Engineer,Engineer,160080,USD,160080,US,0,US,M,2,0.6714735711940547
2022,SE,3,Data Scientist,Scientist,180000,USD,180000,US,0,US,L,3,0.9584334639973628
2022,SE,3,Data Scientist,Scientist,120000,USD,120000,US,0,US,L,3,0.09409643748137449
2022,SE,3,Data Analyst,Analyst,124190,USD,124190,US,100,US,M,2,0.1544559731664077
2022,EX,4,Data Analyst,Analyst,130000,USD,130000,US,100,US,M,2,0.23815260856737255
2022,EX,4,Data Analyst,Analyst,110000,USD,110000,US,100,US,M,2,-0.04995973360462357
2022,SE,3,Data Analyst,Analyst,170000,USD,170000,US,100,US,M,2,0.8143772929113648
2022,MI,2,Data Analyst,Analyst,115500,USD,115500,US,100,US,M,2,0.02927116049267536
2022,SE,3,Data Analyst,Analyst,112900,USD,112900,US,100,US,M,2,-0.008183443989684135
2022,SE,3,Data Analyst,Analyst,90320,USD,90320,US,100,US,M,2,-0.33346227830186775
2022,SE,3,Data Analyst,Analyst,112900,USD,112900,US,100,US,M,2,-0.008183443989684135
2022,SE,3,Data Analyst,Analyst,90320,USD,90320,US,100,US,M,2,-0.33346227830186775
2022,SE,3,Data Engineer,Engineer,165400,USD,165400,US,100,US,M,2,0.7481114542118057
2022,SE,3,Data Engineer,Engineer,132320,USD,132320,US,100,US,M,2,0.2715736402593241
2022,MI,2,Data Analyst,Analyst,167000,USD,167000,US,100,US,M,2,0.7711604415855654
2022,SE,3,Data Engineer,Engineer,243900,USD,243900,US,100,US,M,2,1.8789523972368904
2022,SE,3,Data Analyst,Analyst,136600,USD,136600,US,100,US,M,2,0.3332296814841313
2022,SE,3,Data Analyst,Analyst,109280,USD,109280,US,100,US,M,2,-0.06033177792281544
2022,SE,3,Data Engineer,Engineer,128875,USD,128875,US,100,US,M,2,0.22194628932019778
2022,SE,3,Data Engineer,Engineer,93700,USD,93700,US,100,US,M,2,-0.28477129247480043
2022,EX,4,Head of Data Science,Manager/Executive,224000,USD,224000,US,100,US,M,2,1.5922806167757544
2022,EX,4,Head of Data Science,Manager/Executive,167875,USD,167875,US,100,US,M,2,0.7837653565555902
2022,EX,4,Analytics Engineer,Engineer,175000,USD,175000,US,100,US,M,2,0.8864053784543638
2022,SE,3,Data Engineer,Engineer,156600,USD,156600,US,100,US,M,2,0.6213420236561275
2022,SE,3,Data Engineer,Engineer,108800,USD,108800,US,0,US,M,2,-0.06724647413494335
2022,SE,3,Data Scientist,Scientist,95550,USD,95550,US,0,US,M,2,-0.2581209008238908
2022,SE,3,Data Engineer,Engineer,113000,USD,113000,US,0,US,L,3,-0.006742882278824155
2022,SE,3,Data Analyst,Analyst,135000,USD,135000,US,100,US,M,2,0.3101806941103716
2022,SE,3,Data Science Manager,Manager/Executive,161342,USD,161342,US,100,US,M,2,0.6896534599851077
2022,SE,3,Data Science Manager,Manager/Executive,137141,USD,137141,US,100,US,M,2,0.3410231203398838
2022,SE,3,Data Scientist,Scientist,167000,USD,167000,US,100,US,M,2,0.7711604415855654
2022,SE,3,Data Scientist,Scientist,123000,USD,123000,US,100,US,M,2,0.13731328880717392
2022,SE,3,Data Engineer,Engineer,60000,GBP,78526,GB,0,GB,M,2,-0.5033621264806939
2022,SE,3,Data Engineer,Engineer,50000,GBP,65438,GB,0,GB,M,2,-0.6919028431980482
2022,SE,3,Data Scientist,Scientist,150000,USD,150000,US,0,US,M,2,0.5262649507393687
2022,SE,3,Data Scientist,Scientist,211500,USD,211500,US,100,US,M,2,1.4122104029182567
2022,SE,3,Data Architect,Architect,192400,USD,192400,CA,100,CA,M,2,1.1370631161440006
2022,SE,3,Data Architect,Architect,90700,USD,90700,CA,100,CA,M,2,-0.3279881438005998
2022,SE,3,Data Analyst,Analyst,130000,USD,130000,CA,100,CA,M,2,0.23815260856737255
2022,SE,3,Data Analyst,Analyst,61300,USD,61300,CA,100,CA,M,2,-0.7515132867934341
2022,SE,3,Data Analyst,Analyst,130000,USD,130000,CA,100,CA,M,2,0.23815260856737255
2022,SE,3,Data Analyst,Analyst,61300,USD,61300,CA,100,CA,M,2,-0.7515132867934341
2022,SE,3,Data Engineer,Engineer,160000,USD,160000,US,0,US,L,3,0.6703211218253667
2022,SE,3,Data Scientist,Scientist,138600,USD,138600,US,100,US,M,2,0.3620409157013309
2022,SE,3,Data Engineer,Engineer,136000,USD,136000,US,0,US,M,2,0.3245863112189714
2022,MI,2,Data Analyst,Analyst,58000,USD,58000,US,0,US,S,1,-0.7990518232518136
2022,EX,4,Analytics Engineer,Engineer,135000,USD,135000,US,100,US,M,2,0.3101806941103716
2022,SE,3,Data Scientist,Scientist,170000,USD,170000,US,100,US,M,2,0.8143772929113648
2022,SE,3,Data Scientist,Scientist,123000,USD,123000,US,100,US,M,2,0.13731328880717392
2022,SE,3,Machine Learning Engineer,Engineer,189650,USD,189650,US,0,US,M,2,1.097447669095351
2022,SE,3,Machine Learning Engineer,Engineer,164996,USD,164996,US,0,US,M,2,0.7422915848999314
2022,MI,2,ETL Developer,Developer,50000,EUR,54957,GR,0,GR,M,2,-0.8428881161132827
2022,MI,2,ETL Developer,Developer,50000,EUR,54957,GR,0,GR,M,2,-0.8428881161132827
2022,EX,4,Lead Data Engineer,Engineer,150000,CAD,118187,CA,100,CA,S,1,0.06797905366348304
2022,SE,3,Data Analyst,Analyst,132000,USD,132000,US,0,US,M,2,0.2669638427845722
2022,SE,3,Data Engineer,Engineer,165400,USD,165400,US,100,US,M,2,0.7481114542118057
2022,SE,3,Data Architect,Architect,208775,USD,208775,US,100,US,M,2,1.3729550962973223
2022,SE,3,Data Architect,Architect,147800,USD,147800,US,100,US,M,2,0.4945725931004491
2022,SE,3,Data Engineer,Engineer,136994,USD,136994,US,100,US,M,2,0.3389054946249196
2022,SE,3,Data Engineer,Engineer,101570,USD,101570,US,100,US,M,2,-0.17139908583011995
2022,SE,3,Data Analyst,Analyst,128875,USD,128875,US,100,US,M,2,0.22194628932019778
2022,SE,3,Data Analyst,Analyst,93700,USD,93700,US,100,US,M,2,-0.28477129247480043
2022,EX,4,Head of Machine Learning,Manager/Executive,6000000,INR,79039,IN,50,IN,L,3,-0.49597204490398217
2022,SE,3,Data Engineer,Engineer,132320,USD,132320,US,100,US,M,2,0.2715736402593241
2022,EN,1,Machine Learning Engineer,Engineer,28500,GBP,37300,GB,100,GB,L,3,-1.0972480973998295
2022,SE,3,Data Analyst,Analyst,164000,USD,164000,US,0,US,M,2,0.727943590259766
2022,SE,3,Data Engineer,Engineer,155000,USD,155000,US,100,US,M,2,0.5982930362823677
2022,MI,2,Machine Learning Engineer,Engineer,95000,GBP,124333,GB,0,GB,M,2,0.15651597641293746
2022,MI,2,Machine Learning Engineer,Engineer,75000,GBP,98158,GB,0,GB,M,2,-0.2205510514046625
2022,MI,2,AI Scientist,Scientist,120000,USD,120000,US,0,US,M,2,0.09409643748137449
2022,SE,3,Data Analyst,Analyst,112900,USD,112900,US,100,US,M,2,-0.008183443989684135
2022,SE,3,Data Analyst,Analyst,90320,USD,90320,US,100,US,M,2,-0.33346227830186775
2022,SE,3,Data Analytics Manager,Manager/Executive,145000,USD,145000,US,100,US,M,2,0.45423686519636963
2022,SE,3,Data Analytics Manager,Manager/Executive,105400,USD,105400,US,100,US,M,2,-0.11622557230418268
2022,MI,2,Machine Learning Engineer,Engineer,80000,EUR,87932,FR,100,DE,M,2,-0.3678628919572041
2022,MI,2,Data Engineer,Engineer,90000,GBP,117789,GB,0,GB,M,2,0.06224561805426032
2022,SE,3,Data Scientist,Scientist,215300,USD,215300,US,100,US,L,3,1.466951747930936
2022,SE,3,Data Scientist,Scientist,158200,USD,158200,US,100,US,L,3,0.644391011029887
2022,SE,3,Data Engineer,Engineer,209100,USD,209100,US,100,US,L,3,1.3776369218576172
2022,SE,3,Data Engineer,Engineer,154600,USD,154600,US,100,US,L,3,0.5925307894389278
2022,SE,3,Data Analyst,Analyst,115934,USD,115934,US,0,US,M,2,0.035523198317807675
2022,SE,3,Data Analyst,Analyst,81666,USD,81666,US,0,US,M,2,-0.4581284887596905
2022,SE,3,Data Engineer,Engineer,175000,USD,175000,US,100,US,M,2,0.8864053784543638
2022,MI,2,Data Engineer,Engineer,75000,GBP,98158,GB,0,GB,M,2,-0.2205510514046625
2022,MI,2,Data Analyst,Analyst,58000,USD,58000,US,0,US,S,1,-0.7990518232518136
2022,SE,3,Data Engineer,Engineer,183600,USD,183600,US,100,US,L,3,1.0102936855883222
2022,MI,2,Data Analyst,Analyst,40000,GBP,52351,GB,100,GB,M,2,-0.8804291542982938
2022,SE,3,Data Scientist,Scientist,180000,USD,180000,US,100,US,M,2,0.9584334639973628
2022,MI,2,Data Scientist,Scientist,55000,GBP,71982,GB,0,GB,M,2,-0.597632484839371
2022,MI,2,Data Scientist,Scientist,35000,GBP,45807,GB,0,GB,M,2,-0.974699512656971
2022,MI,2,Data Engineer,Engineer,60000,EUR,65949,GR,100,GR,M,2,-0.6845415728555536
2022,MI,2,Data Engineer,Engineer,45000,EUR,49461,GR,100,GR,M,2,-0.9220613877421473
2022,MI,2,Data Engineer,Engineer,60000,GBP,78526,GB,100,GB,M,2,-0.5033621264806939
2022,MI,2,Data Engineer,Engineer,45000,GBP,58894,GB,100,GB,M,2,-0.7861732015567253
2022,SE,3,Data Scientist,Scientist,260000,USD,260000,US,100,US,M,2,2.110882832685347
2022,SE,3,Data Science Engineer,Engineer,60000,USD,60000,AR,100,MX,L,3,-0.7702405890346139
2022,MI,2,Data Engineer,Engineer,63900,USD,63900,US,0,US,M,2,-0.7140586823110746
2022,MI,2,Machine Learning Scientist,Scientist,160000,USD,160000,US,100,US,L,3,0.6703211218253667
2022,MI,2,Machine Learning Scientist,Scientist,112300,USD,112300,US,100,US,L,3,-0.01682681425484402
2022,MI,2,Data Science Manager,Manager/Executive,241000,USD,241000,US,100,US,M,2,1.837176107621951
2022,MI,2,Data Science Manager,Manager/Executive,159000,USD,159000,US,100,US,M,2,0.655915504716767
2022,SE,3,Data Scientist,Scientist,180000,USD,180000,US,0,US,M,2,0.9584334639973628
2022,SE,3,Data Scientist,Scientist,80000,USD,80000,US,0,US,M,2,-0.4821282468626178
2022,MI,2,Data Engineer,Engineer,82900,USD,82900,US,0,US,M,2,-0.44035195724767834
2022,SE,3,Data Engineer,Engineer,100800,USD,100800,US,100,US,L,3,-0.1824914110037418
2022,MI,2,Data Engineer,Engineer,45000,EUR,49461,ES,100,ES,M,2,-0.9220613877421473
2022,SE,3,Data Scientist,Scientist,140400,USD,140400,US,0,US,L,3,0.38797102649681053
2022,MI,2,Data Analyst,Analyst,30000,GBP,39263,GB,100,GB,M,2,-1.068969871015648
2022,MI,2,Data Analyst,Analyst,40000,EUR,43966,ES,100,ES,M,2,-1.0012202537539032
2022,MI,2,Data Analyst,Analyst,30000,EUR,32974,ES,100,ES,M,2,-1.1595667970116323
2022,MI,2,Data Engineer,Engineer,80000,EUR,87932,ES,100,ES,M,2,-0.3678628919572041
2022,MI,2,Data Engineer,Engineer,70000,EUR,76940,ES,100,ES,M,2,-0.5262094352149331
2022,MI,2,Data Engineer,Engineer,80000,GBP,104702,GB,100,GB,M,2,-0.12628069304598535
2022,MI,2,Data Engineer,Engineer,70000,GBP,91614,GB,100,GB,M,2,-0.3148214097633396
2022,MI,2,Data Engineer,Engineer,60000,EUR,65949,ES,100,ES,M,2,-0.6845415728555536
2022,MI,2,Data Engineer,Engineer,80000,EUR,87932,GR,100,GR,M,2,-0.3678628919572041
2022,SE,3,Machine Learning Engineer,Engineer,189650,USD,189650,US,0,US,M,2,1.097447669095351
2022,SE,3,Machine Learning Engineer,Engineer,164996,USD,164996,US,0,US,M,2,0.7422915848999314
2022,MI,2,Data Analyst,Analyst,40000,EUR,43966,GR,100,GR,M,2,-1.0012202537539032
2022,MI,2,Data Analyst,Analyst,30000,EUR,32974,GR,100,GR,M,2,-1.1595667970116323
2022,MI,2,Data Engineer,Engineer,75000,GBP,98158,GB,100,GB,M,2,-0.2205510514046625
2022,MI,2,Data Engineer,Engineer,60000,GBP,78526,GB,100,GB,M,2,-0.5033621264806939
2022,SE,3,Data Scientist,Scientist,215300,USD,215300,US,0,US,L,3,1.466951747930936
2022,MI,2,Data Engineer,Engineer,70000,EUR,76940,GR,100,GR,M,2,-0.5262094352149331
2022,SE,3,Data Engineer,Engineer,209100,USD,209100,US,100,US,L,3,1.3776369218576172
2022,SE,3,Data Engineer,Engineer,154600,USD,154600,US,100,US,L,3,0.5925307894389278
2022,SE,3,Data Engineer,Engineer,180000,USD,180000,US,100,US,M,2,0.9584334639973628
2022,EN,1,ML Engineer,Engineer,20000,EUR,21983,PT,100,PT,L,3,-1.3178989346522527
2022,SE,3,Data Engineer,Engineer,80000,USD,80000,US,100,US,M,2,-0.4821282468626178
2022,MI,2,Machine Learning Developer,Developer,100000,CAD,78791,CA,100,CA,M,2,-0.49954463794691495
2022,EX,4,Director of Data Science,Manager/Executive,250000,CAD,196979,CA,50,CA,L,3,1.203026436884279
2022,MI,2,Machine Learning Engineer,Engineer,120000,USD,120000,US,100,US,S,1,0.09409643748137449
2022,EN,1,Computer Vision Engineer,Engineer,125000,USD,125000,US,0,US,M,2,0.16612452302437353
2022,MI,2,NLP Engineer,Engineer,240000,CNY,37236,US,50,US,L,3,-1.0981700568947799
2022,SE,3,Data Engineer,Engineer,105000,USD,105000,US,100,US,M,2,-0.1219878191476226
2022,SE,3,Lead Machine Learning Engineer,Engineer,80000,EUR,87932,DE,0,DE,M,2,-0.3678628919572041
2022,MI,2,Business Data Analyst,Analyst,1400000,INR,18442,IN,100,IN,M,2,-1.3689092248338046
2022,MI,2,Data Scientist,Scientist,2400000,INR,31615,IN,100,IN,L,3,-1.1791440306622194
2022,MI,2,Machine Learning Infrastructure Engineer,Engineer,53000,EUR,58255,PT,50,PT,L,3,-0.7953783908891205
2022,EN,1,Financial Data Analyst,Analyst,100000,USD,100000,US,50,US,L,3,-0.19401590469062163
2022,EN,1,Data Scientist,Scientist,1400000,INR,18442,IN,100,IN,M,2,-1.3689092248338046
2022,SE,3,Principal Data Scientist,Scientist,148000,EUR,162674,DE,100,DE,M,2,0.7088417419737626
2022,EN,1,Data Engineer,Engineer,120000,USD,120000,US,100,US,M,2,0.09409643748137449
2022,SE,3,Research Scientist,Scientist,144000,USD,144000,US,50,US,L,3,0.43983124808776985
2022,SE,3,Data Scientist,Scientist,104890,USD,104890,US,100,US,M,2,-0.12357243702956859
2022,SE,3,Data Engineer,Engineer,100000,USD,100000,US,100,US,M,2,-0.19401590469062163
2022,SE,3,Data Scientist,Scientist,140000,USD,140000,US,100,US,M,2,0.38220877965337063
2022,MI,2,Data Analyst,Analyst,135000,USD,135000,US,100,US,M,2,0.3101806941103716
2022,MI,2,Data Analyst,Analyst,50000,USD,50000,US,100,US,M,2,-0.914296760120612
2022,SE,3,Data Scientist,Scientist,220000,USD,220000,US,100,US,M,2,1.534658148341355
2022,SE,3,Data Scientist,Scientist,140000,USD,140000,US,100,US,M,2,0.38220877965337063
2022,MI,2,Data Scientist,Scientist,140000,GBP,183228,GB,0,GB,M,2,1.004934796023923
2022,MI,2,Data Scientist,Scientist,70000,GBP,91614,GB,0,GB,M,2,-0.3148214097633396
2022,SE,3,Data Scientist,Scientist,185100,USD,185100,US,100,US,M,2,1.0319021112512219
2022,SE,3,Machine Learning Engineer,Engineer,220000,USD,220000,US,100,US,M,2,1.534658148341355
2022,MI,2,Data Scientist,Scientist,200000,USD,200000,US,100,US,M,2,1.246545806169359
2022,MI,2,Data Scientist,Scientist,120000,USD,120000,US,100,US,M,2,0.09409643748137449
2022,SE,3,Machine Learning Engineer,Engineer,120000,USD,120000,AE,100,AE,S,1,0.09409643748137449
2022,SE,3,Machine Learning Engineer,Engineer,65000,USD,65000,AE,100,AE,S,1,-0.6982125034916149
2022,EX,4,Data Engineer,Engineer,216000,USD,216000,US,100,US,M,2,1.477035679906956
2022,SE,3,Data Engineer,Engineer,210000,USD,210000,US,100,US,M,2,1.390601977255357
2022,SE,3,Machine Learning Engineer,Engineer,120000,USD,120000,US,100,US,M,2,0.09409643748137449
2022,SE,3,Data Scientist,Scientist,230000,USD,230000,US,100,US,M,2,1.6787143194273533
2022,SE,3,Head of Data,Manager/Executive,200000,USD,200000,MY,100,US,M,2,1.246545806169359
2022,MI,2,Principal Data Analyst,Analyst,75000,USD,75000,CA,100,CA,S,1,-0.5541563324056168
2022,MI,2,Data Scientist,Scientist,150000,PLN,35590,PL,100,PL,L,3,-1.1218817026555352
2022,SE,3,Machine Learning Developer,Developer,100000,CAD,78791,CA,100,CA,M,2,-0.49954463794691495
2022,SE,3,Data Scientist,Scientist,100000,USD,100000,BR,100,US,M,2,-0.19401590469062163
2022,MI,2,Machine Learning Scientist,Scientist,153000,USD,153000,US,50,US,M,2,0.5694818020651681
2022,EN,1,Data Engineer,Engineer,52800,EUR,58035,PK,100,DE,M,2,-0.7985476266530125
2022,SE,3,Data Scientist,Scientist,165000,USD,165000,US,100,US,M,2,0.7423492073683657
2022,SE,3,Research Scientist,Scientist,85000,EUR,93427,FR,50,FR,L,3,-0.2887040259454482
2022,EN,1,Data Scientist,Scientist,66500,CAD,52396,CA,100,CA,L,3,-0.8797809015284068
2022,SE,3,Machine Learning Engineer,Engineer,57000,EUR,62651,NL,100,NL,L,3,-0.7320512980797158
2022,MI,2,Head of Data,Manager/Executive,30000,EUR,32974,EE,100,EE,S,1,-1.1595667970116323
2022,EN,1,Data Scientist,Scientist,40000,USD,40000,JP,100,MY,L,3,-1.05835293120661
2022,MI,2,Machine Learning Engineer,Engineer,121000,AUD,87425,AU,100,AU,L,3,-0.3751665398312642
2022,SE,3,Data Engineer,Engineer,115000,USD,115000,US,100,US,M,2,0.022068351938375457
2022,EN,1,Data Scientist,Scientist,120000,AUD,86703,AU,50,AU,M,2,-0.3855673953836733
2022,MI,2,Applied Machine Learning Scientist,Scientist,75000,USD,75000,BO,100,US,L,3,-0.5541563324056168
2022,MI,2,Research Scientist,Scientist,59000,EUR,64849,AT,0,AT,L,3,-0.7003877516750134
2022,EN,1,Research Scientist,Scientist,120000,USD,120000,US,100,US,L,3,0.09409643748137449
2022,MI,2,Applied Data Scientist,Scientist,157000,USD,157000,US,100,US,L,3,0.6271042704995673
2022,EN,1,Computer Vision Software Engineer,Engineer,150000,USD,150000,AU,100,AU,S,1,0.5262649507393687
2022,MI,2,Business Data Analyst,Analyst,90000,CAD,70912,CA,50,CA,L,3,-0.6130464951455729
2022,EN,1,Data Engineer,Engineer,65000,USD,65000,US,100,US,S,1,-0.6982125034916149
2022,SE,3,Machine Learning Engineer,Engineer,65000,EUR,71444,IE,100,IE,S,1,-0.6053827068437977
2022,EN,1,Data Analytics Engineer,Engineer,20000,USD,20000,PK,0,PK,M,2,-1.3464652733786062
2022,MI,2,Data Scientist,Scientist,48000,USD,48000,RU,100,US,S,1,-0.9431079943378116
2022,SE,3,Data Science Manager,Manager/Executive,152500,USD,152500,US,100,US,M,2,0.5622789935108682
2022,MI,2,Data Engineer,Engineer,62000,EUR,68147,FR,100,FR,M,2,-0.6528780264508512
2022,MI,2,Data Scientist,Scientist,115000,CHF,122346,CH,0,CH,L,3,0.12789201521814964
2022,MI,2,Data Scientist,Scientist,88000,CAD,69336,CA,100,CA,M,2,-0.635749747708726
2022,MI,2,Data Analyst,Analyst,20000,USD,20000,GR,100,GR,S,1,-1.3464652733786062
2022,MI,2,Data Scientist,Scientist,135000,USD,135000,US,100,US,L,3,0.3101806941103716
2022,SE,3,Applied Data Scientist,Scientist,177000,USD,177000,US,100,US,L,3,0.9152166126715635
2022,MI,2,Data Scientist,Scientist,78000,USD,78000,US,100,US,M,2,-0.5109394810798173
2022,SE,3,Data Analyst,Analyst,135000,USD,135000,US,100,US,M,2,0.3101806941103716
2022,SE,3,Data Analyst,Analyst,100000,USD,100000,US,100,US,M,2,-0.19401590469062163
2022,SE,3,Data Analyst,Analyst,90320,USD,90320,US,100,US,M,2,-0.33346227830186775
2022,MI,2,Data Analyst,Analyst,85000,USD,85000,CA,0,CA,M,2,-0.41010016131961874
2022,MI,2,Data Analyst,Analyst,75000,USD,75000,CA,0,CA,M,2,-0.5541563324056168
2022,SE,3,Machine Learning Engineer,Engineer,214000,USD,214000,US,100,US,M,2,1.4482244456897564
2022,SE,3,Machine Learning Engineer,Engineer,192600,USD,192600,US,100,US,M,2,1.1399442395657204
2022,SE,3,Data Architect,Architect,266400,USD,266400,US,100,US,M,2,2.203078782180386
2022,SE,3,Data Architect,Architect,213120,USD,213120,US,100,US,M,2,1.4355475026341884
2022,SE,3,Data Analyst,Analyst,112900,USD,112900,US,100,US,M,2,-0.008183443989684135
2022,SE,3,Data Engineer,Engineer,155000,USD,155000,US,100,US,M,2,0.5982930362823677
2022,MI,2,Data Scientist,Scientist,141300,USD,141300,US,0,US,M,2,0.4009360818945504
2022,MI,2,Data Scientist,Scientist,102100,USD,102100,US,0,US,M,2,-0.16376410876256203
2022,SE,3,Data Analyst,Analyst,115934,USD,115934,US,100,US,M,2,0.035523198317807675
2022,SE,3,Data Analyst,Analyst,81666,USD,81666,US,100,US,M,2,-0.4581284887596905
2022,MI,2,Data Engineer,Engineer,206699,USD,206699,US,0,US,M,2,1.3430490351798692
2022,MI,2,Data Engineer,Engineer,99100,USD,99100,US,0,US,M,2,-0.20698096008836148
2022,SE,3,Data Engineer,Engineer,130000,USD,130000,US,100,US,M,2,0.23815260856737255
2022,SE,3,Data Engineer,Engineer,115000,USD,115000,US,100,US,M,2,0.022068351938375457
2022,SE,3,Data Engineer,Engineer,110500,USD,110500,US,100,US,M,2,-0.04275692505032367
2022,SE,3,Data Engineer,Engineer,130000,USD,130000,US,100,US,M,2,0.23815260856737255
2022,SE,3,Data Analyst,Analyst,99050,USD,99050,US,100,US,M,2,-0.20770124094379144
2022,SE,3,Data Engineer,Engineer,160000,USD,160000,US,100,US,M,2,0.6703211218253667
2022,SE,3,Data Scientist,Scientist,205300,USD,205300,US,0,US,L,3,1.322895576844938
2022,SE,3,Data Scientist,Scientist,140400,USD,140400,US,0,US,L,3,0.38797102649681053
2022,SE,3,Data Scientist,Scientist,176000,USD,176000,US,100,US,M,2,0.9008109955629636
2022,SE,3,Data Scientist,Scientist,144000,USD,144000,US,100,US,M,2,0.43983124808776985
2022,SE,3,Data Engineer,Engineer,200100,USD,200100,US,100,US,M,2,1.247986367880219
2022,SE,3,Data Engineer,Engineer,160000,USD,160000,US,100,US,M,2,0.6703211218253667
2022,SE,3,Data Engineer,Engineer,145000,USD,145000,US,100,US,M,2,0.45423686519636963
2022,SE,3,Data Engineer,Engineer,70500,USD,70500,US,0,US,M,2,-0.6189816093943159
2022,SE,3,Data Scientist,Scientist,205300,USD,205300,US,0,US,M,2,1.322895576844938
2022,SE,3,Data Scientist,Scientist,140400,USD,140400,US,0,US,M,2,0.38797102649681053
2022,SE,3,Analytics Engineer,Engineer,205300,USD,205300,US,0,US,M,2,1.322895576844938
2022,SE,3,Analytics Engineer,Engineer,184700,USD,184700,US,0,US,M,2,1.026139864407782
2022,SE,3,Data Engineer,Engineer,175100,USD,175100,US,100,US,M,2,0.8878459401652238
2022,SE,3,Data Engineer,Engineer,140250,USD,140250,US,100,US,M,2,0.3858101839305206
2022,SE,3,Data Analyst,Analyst,116150,USD,116150,US,100,US,M,2,0.038634811613265235
2022,SE,3,Data Engineer,Engineer,54000,USD,54000,US,0,US,M,2,-0.8566742916862128
2022,SE,3,Data Analyst,Analyst,170000,USD,170000,US,100,US,M,2,0.8143772929113648
2022,MI,2,Data Analyst,Analyst,50000,GBP,65438,GB,0,GB,M,2,-0.6919028431980482
2022,SE,3,Data Analyst,Analyst,80000,USD,80000,US,100,US,M,2,-0.4821282468626178
2022,SE,3,Data Scientist,Scientist,140000,USD,140000,US,100,US,M,2,0.38220877965337063
2022,SE,3,Data Scientist,Scientist,210000,USD,210000,US,100,US,M,2,1.390601977255357
2022,SE,3,Data Scientist,Scientist,140000,USD,140000,US,100,US,M,2,0.38220877965337063
2022,SE,3,Data Analyst,Analyst,100000,USD,100000,US,100,US,M,2,-0.19401590469062163
2022,SE,3,Data Analyst,Analyst,69000,USD,69000,US,100,US,M,2,-0.6405900350572157
2022,SE,3,Data Scientist,Scientist,210000,USD,210000,US,100,US,M,2,1.390601977255357
2022,SE,3,Data Scientist,Scientist,140000,USD,140000,US,100,US,M,2,0.38220877965337063
2022,SE,3,Data Scientist,Scientist,210000,USD,210000,US,100,US,M,2,1.390601977255357
2022,SE,3,Data Analyst,Analyst,150075,USD,150075,US,100,US,M,2,0.5273453720225136
2022,SE,3,Data Engineer,Engineer,100000,USD,100000,US,100,US,M,2,-0.19401590469062163
2022,SE,3,Data Engineer,Engineer,25000,USD,25000,US,100,US,M,2,-1.274437187835607
2022,SE,3,Data Analyst,Analyst,126500,USD,126500,US,100,US,M,2,0.18773294868727322
2022,SE,3,Data Analyst,Analyst,106260,USD,106260,US,100,US,M,2,-0.10383674159078685
2022,SE,3,Data Engineer,Engineer,220110,USD,220110,US,100,US,M,2,1.5362427662233011
2022,SE,3,Data Engineer,Engineer,160080,USD,160080,US,100,US,M,2,0.6714735711940547
2022,SE,3,Data Analyst,Analyst,105000,USD,105000,US,100,US,M,2,-0.1219878191476226
2022,SE,3,Data Analyst,Analyst,110925,USD,110925,US,100,US,M,2,-0.03663453777916875
2022,MI,2,Data Analyst,Analyst,35000,GBP,45807,GB,0,GB,M,2,-0.974699512656971
2022,SE,3,Data Scientist,Scientist,140000,USD,140000,US,100,US,M,2,0.38220877965337063
2022,SE,3,Data Analyst,Analyst,99000,USD,99000,US,0,US,M,2,-0.20842152179922144
2022,SE,3,Data Analyst,Analyst,60000,USD,60000,US,100,US,M,2,-0.7702405890346139
2022,SE,3,Data Architect,Architect,192564,USD,192564,US,100,US,M,2,1.1394256373498108
2022,SE,3,Data Architect,Architect,144854,USD,144854,US,100,US,M,2,0.45213364509851406
2022,SE,3,Data Scientist,Scientist,230000,USD,230000,US,100,US,M,2,1.6787143194273533
2022,SE,3,Data Scientist,Scientist,150000,USD,150000,US,100,US,M,2,0.5262649507393687
2022,SE,3,Data Analytics Manager,Manager/Executive,150260,USD,150260,US,100,US,M,2,0.5300104111876046
2022,SE,3,Data Analytics Manager,Manager/Executive,109280,USD,109280,US,100,US,M,2,-0.06033177792281544
2022,SE,3,Data Scientist,Scientist,210000,USD,210000,US,100,US,M,2,1.390601977255357
2022,SE,3,Data Analyst,Analyst,170000,USD,170000,US,100,US,M,2,0.8143772929113648
2022,MI,2,Data Scientist,Scientist,160000,USD,160000,US,100,US,M,2,0.6703211218253667
2022,MI,2,Data Scientist,Scientist,130000,USD,130000,US,100,US,M,2,0.23815260856737255
2022,EN,1,Data Analyst,Analyst,67000,USD,67000,CA,0,CA,M,2,-0.6694012692744152
2022,EN,1,Data Analyst,Analyst,52000,USD,52000,CA,0,CA,M,2,-0.8854855259034123
2022,SE,3,Data Engineer,Engineer,154000,USD,154000,US,100,US,M,2,0.583887419173768
2022,SE,3,Data Engineer,Engineer,126000,USD,126000,US,100,US,M,2,0.18053014013297333
2022,SE,3,Data Analyst,Analyst,129000,USD,129000,US,0,US,M,2,0.22374699145877275
2022,SE,3,Data Analyst,Analyst,150000,USD,150000,US,100,US,M,2,0.5262649507393687
2022,MI,2,AI Scientist,Scientist,200000,USD,200000,IN,100,US,L,3,1.246545806169359
